<?xml version="1.0"?>
<TEI xmlns="http://www.tei-c.org/ns/1.0" xml:lang="en">
    <teiHeader>
        <fileDesc>
            <titleStmt>
                <title>TEI customization for the edition of Paolo Bufalini's Notebook</title>
                <author>generated by Roma 4.10</author>
            </titleStmt>
            <publicationStmt>
                <p>for use by whoever wants it</p>
            </publicationStmt>
            <notesStmt>
                <note type="ns">http://www.example.org/ns/nonTEI</note>
            </notesStmt>
            <sourceDesc>
                <p>created on Friday 26th June 2015 06:40:40 PM</p>
            </sourceDesc>
        </fileDesc>
    </teiHeader>
    <text>
        <front>
            <divGen type="toc"/>
        </front>
        <body>
            <p>My TEI Customization&#xD; starts with modules tei, core, textstructure and header</p>
            <schemaSpec ident="notebook" docLang="en" prefix="tei_" xml:lang="en">
                <moduleRef key="core" except=""/>
                <moduleRef key="tei" except=""/>
                <moduleRef key="header" except=""/>
                <moduleRef key="textstructure" except=""/>
                <moduleRef key="linking" except=""/>
                <moduleRef key="namesdates" except=""/>
                <moduleRef key="transcr" except=""/>
                <moduleRef key="figures" except="cell formula notatedMusic row table"/>
            </schemaSpec>
        </body>
    </text>
</TEI>
